Encrypted Data,Decrypted Data
pmjmz.bzmujtig@nzqmamv.kwu,pmjmz.bzmujtig@nzqmamv.kwu
giyh.lsxyl@pifeguh.vct,giyh.lsxyl@pifeguh.vct
ыу. Лпмшорхщтцкцл.6 тй.466,yu. Lpmshorkhshchttsktsl.6 ty.466
Юдуебвудашэеюут жя.ч.34 юх.102,Yuduebvudasheeyuut zhya.ch.34 yukh.102
enxbepbms.tkexgx@ykbxlxg.vhf,enxbepbms.tkexgx@ykbxlxg.vhf
eobh.xypyh@zyyhys.wig,eobh.xypyh@zyyhys.wig
вг. Сэёкэыатц.60 эф.107,vg. Seyokeyatts.60 ef.107
Ф. Аудзьбеюут жя.ч.31 юх.159,F. Audzbeyuut zhya.ch.31 yukh.159
kizumtw36@rwpvawv.kwu,kizumtw36@rwpvawv.kwu
nevvix.kpiewsr@lsxqemp.gsq,nevvix.kpiewsr@lsxqemp.gsq
ыу. Игщъшцунъцйзл.81 тй.107,yu. Igshchshtsuntsyzl.81 ty.107
pexkxexk.biblklob@elqjxfi.zlj,pexkxexk.biblklob@elqjxfi.zlj
ugyvp@wbkj.xod,ugyvp@wbkj.xod
Ёяхтодг чп.з.77 оё.232,Yoyakhtodg chp.z.77 oyo.232
Дешезйпьшзбцх йв.ъ.80 бш.422,Deshezypshzbtskh yv..80 bsh.422
эх. Нйбчйин.25 фл.43,ekh. Nybchyin.25 fl.43
trwxg.gbxghp@tulabkx.ubs,trwxg.gbxghp@tulabkx.ubs
tdquvjw.wjxvrn@hjqxx.lxv,tdquvjw.wjxvrn@hjqxx.lxv
Дебюубфтс ёю.ц.14 эф.61,Debyuubfts yoyu.ts.14 ef.61
Ъщ. Усъфчкъуст шнщ.м.73 ук.65,shch. Usfchkust shnshch.m.73 uk.65
